1583472342538,0.559,-0.453,9.769
1583472342538,0.794,-0.218,10.083
1583472342577,0.637,-0.139,9.926
1583472342578,0.637,-0.139,9.534
1583472342617,0.48,-0.061,9.612
1583472342617,0.637,0.017,10.005
1583472342657,0.637,-0.061,9.848
1583472342657,0.559,-0.218,9.612
1583472342701,0.48,-0.139,9.612
1583472342701,0.637,-0.139,9.769
1583472342737,0.48,-0.218,9.926
1583472342737,0.402,-0.218,9.926
1583472342777,0.48,-0.218,9.848
1583472342777,0.559,-0.061,9.848
1583472342817,0.559,-0.061,9.769
1583472342817,0.48,0.017,9.691
1583472342857,0.559,-0.061,9.848
1583472342858,0.559,-0.218,9.769
1583472342896,0.559,-0.218,9.769
1583472342897,0.48,-0.139,9.769
1583472342937,0.48,-0.218,9.848
1583472342937,0.559,-0.139,9.769
1583472342976,0.559,-0.139,9.691
1583472342976,0.716,-0.139,9.769
1583472343016,0.637,-0.061,9.691
1583472343016,0.637,-0.061,9.534
1583472343078,0.637,0.017,9.691
1583472343078,0.637,0.017,9.612
1583472343109,0.716,0.095,9.534
1583472343109,0.637,0.095,9.691
1583472343184,0.716,0.017,9.769
1583472343184,0.716,0.017,9.769
1583472343185,0.794,-0.061,9.926
1583472343185,0.951,-0.296,10.005
1583472343217,1.03,-0.453,9.926
1583472343217,1.03,-0.375,9.848
1583472343256,1.03,-0.218,9.769
1583472343256,1.03,-0.218,9.926
1583472343297,0.951,-0.296,9.848
1583472343297,0.951,-0.375,9.612
1583472343335,0.951,-0.375,9.455
1583472343335,0.873,-0.218,9.455
1583472343375,0.873,-0.061,9.22
1583472343375,0.873,-0.375,8.906
1583472343415,0.951,-0.532,8.749
1583472343415,1.03,-0.689,8.435
1583472343455,1.343,-0.296,8.278
1583472343455,1.422,0.017,7.886
1583472343495,1.579,0.33,8.357
1583472343495,1.657,0.566,9.455
1583472343534,1.187,0.644,10.789
1583472343534,1.343,0.566,12.515
1583472343574,1.03,0.566,13.143
1583472343574,0.716,0.723,14.163
1583472343615,0.794,0.644,15.496
1583472343615,0.716,0.252,16.595
1583472343654,1.265,0.095,17.536
1583472343655,1.579,0.252,18.792
1583472343694,1.03,0.566,20.047
1583472343694,0.167,0.409,20.047
1583472343736,-0.225,0.252,19.812
1583472343736,-0.774,0.801,18.635
1583472343774,-1.715,1.037,17.066
1583472343774,-1.872,1.115,15.34
1583472343815,-2.421,0.801,13.3
1583472343815,-2.578,0.566,10.946
1583472343853,-3.049,0.017,8.278
1583472343853,-3.598,-0.453,6.239
1583472343893,-3.755,-0.61,3.493
1583472343893,-3.363,-0.532,1.61
1583472343933,-2.892,-0.218,0.119
1583472343933,-1.951,-0.139,-1.606
1583472343973,-2.735,-0.061,-0.978
1583472343973,-1.558,0.174,-2.077
1583472344013,-0.303,0.252,-3.724
1583472344013,1.893,-0.375,-5.137
1583472344053,1.187,-0.532,-3.018
1583472344053,0.873,-0.845,-2.312
1583472344093,0.951,-0.689,-1.841
1583472344093,1.03,-0.061,-0.665
1583472344132,0.402,0.174,0.825
1583472344133,-0.303,0.566,2.473
1583472344172,-0.695,0.566,4.356
1583472344172,-0.774,0.095,6.082
1583472344212,-1.48,-0.375,8.043
1583472344212,-2.108,-0.532,9.691
1583472344253,-1.872,-0.689,11.181
1583472344253,-0.931,-0.924,12.437
1583472344293,-0.382,-0.453,13.692
1583472344293,-0.146,0.33,15.967
1583472344332,-0.225,0.566,18.635
1583472344332,0.01,0.644,20.831
1583472344372,0.716,1.115,22.714
1583472344372,1.5,0.88,24.44
1583472344412,2.128,0.644,25.147
1583472344412,2.128,0.958,25.774
1583472344452,1.893,1.037,26.245
1583472344452,1.893,0.723,25.225
1583472344492,1.579,0.644,23.734
1583472344492,0.637,0.723,23.342
1583472344531,-0.303,0.958,22.244
1583472344531,-1.323,1.193,21.145
1583472344572,-2.735,1.507,18.556
1583472344572,-3.677,1.586,16.359
1583472344611,-4.618,1.429,14.241
1583472344611,-4.932,1.037,12.515
1583472344651,-5.089,0.487,9.926
1583472344651,-5.167,-0.218,7.337
1583472344691,-4.775,-0.924,5.219
1583472344691,-4.304,-0.845,2.708
1583472344732,-3.755,-0.767,0.276
1583472344732,-2.735,-0.767,-1.606
1583472344770,-1.323,-1.002,-3.96
1583472344770,-0.068,-0.532,-5.372
1583472344811,0.794,-0.375,-6.941
1583472344811,1.422,-0.296,-7.726
1583472344850,1.579,-0.375,-7.804
1583472344850,1.5,-0.218,-7.333
1583472344890,1.265,-0.296,-6.235
1583472344890,0.794,-0.139,-4.823
1583472344930,0.245,-0.375,-3.567
1583472344930,-0.382,-0.689,-1.92
1583472344970,-0.852,-0.375,0.59
1583472344970,-1.088,0.017,3.571
1583472345010,-1.872,0.095,6.396
1583472345010,-2.5,-0.139,9.612
1583472345050,-3.206,-0.689,12.358
1583472345050,-2.343,-1.081,14.555
1583472345090,-1.872,-0.61,16.281
1583472345090,-1.009,-0.218,18.007
1583472345129,-0.146,-0.218,19.576
1583472345129,0.873,-0.139,21.694
1583472345170,1.343,0.33,23.734
1583472345170,1.343,0.723,24.911
1583472345209,1.5,1.115,25.696
1583472345209,1.5,1.664,26.088
1583472345249,1.187,1.978,25.696
1583472345249,0.873,2.056,24.44
1583472345289,0.167,1.821,22.636
1583472345289,-0.852,1.115,20.988
1583472345329,-1.794,0.644,19.576
1583472345329,-2.421,0.252,17.929
1583472345369,-3.128,0.017,16.516
1583472345369,-3.441,-0.139,15.261
1583472345409,-3.441,-0.061,13.064
1583472345409,-3.363,0.174,11.103
1583472345449,-3.049,0.487,9.298
1583472345449,-2.814,0.409,7.494
1583472345488,-2.265,0.095,5.454
1583472345488,-1.558,-0.061,3.885
1583472345528,-1.088,-0.453,2.708
1583472345528,-0.695,-0.375,1.061
1583472345569,-0.225,-0.375,-0.037
1583472345569,0.245,-0.296,-1.371
1583472345608,0.637,-0.296,-2.391
1583472345608,1.108,-0.375,-3.175
1583472345648,1.422,-0.139,-4.195
1583472345648,1.971,-0.061,-4.587
1583472345688,2.206,-0.218,-4.352
1583472345688,2.442,0.095,-3.254
1583472345727,2.285,-0.139,-1.449
1583472345727,1.814,0.095,0.825
1583472345768,1.265,0.252,2.394
1583472345768,0.637,0.095,4.199
1583472345807,-0.146,0.017,6.082
1583472345808,-0.774,0.017,7.729
1583472345847,-0.617,0.252,9.534
1583472345848,-0.695,0.252,11.652
1583472345887,-0.774,-0.139,13.457
1583472345887,0.01,-0.218,14.79
1583472345926,0.716,-0.218,16.595
1583472345926,1.187,-0.375,18.635
1583472345967,1.422,-0.453,20.518
1583472345967,1.422,-0.453,21.773
1583472346007,1.343,-0.218,22.087
1583472346007,1.343,0.33,21.694
1583472346046,1.343,0.88,21.302
1583472346047,1.108,0.88,21.224
1583472346087,0.716,0.801,20.361
1583472346087,0.324,0.487,18.948
1583472346127,0.088,0.487,17.693
1583472346127,-0.617,0.252,16.438
1583472346166,-1.245,-0.061,15.575
1583472346166,-1.872,-0.532,14.555
1583472346206,-2.265,-0.296,13.064
1583472346206,-2.421,0.017,11.26
1583472346246,-2.421,0.017,9.377
1583472346246,-1.951,0.174,7.572
1583472346286,-1.558,0.174,5.768
1583472346286,-1.245,0.252,4.591
1583472346325,-0.617,0.252,3.179
1583472346325,0.01,0.174,2.08
1583472346365,0.48,0.017,1.61
1583472346365,0.873,-0.139,0.825
1583472346406,1.422,-0.139,0.041
1583472346406,1.814,-0.061,-0.743
1583472346445,2.05,-0.061,-1.292
1583472346446,2.206,-0.218,-1.371
1583472346485,2.363,0.017,-1.214
1583472346485,2.128,0.017,-0.272
1583472346525,1.5,-0.061,1.453
1583472346525,0.48,-0.453,3.179
1583472346565,-0.46,-0.845,5.297
1583472346565,-0.852,-1.081,7.572
1583472346605,-1.245,-1.081,9.926
1583472346605,-1.166,-1.002,11.966
1583472346644,-0.46,-0.532,14.084
1583472346644,-0.068,-0.061,15.418
1583472346684,0.088,0.252,16.83
1583472346684,0.402,0.487,18.321
1583472346724,0.559,0.801,19.655
1583472346724,0.637,0.88,20.439
1583472346765,0.794,0.723,20.361
1583472346765,1.343,0.958,19.89
1583472346804,1.657,0.644,19.262
1583472346804,1.5,0.252,18.948
1583472346844,0.794,0.095,18.792
1583472346845,-0.068,0.252,18.321
1583472346884,-0.695,0.252,17.379
1583472346885,-0.931,0.409,15.967
1583472346923,-1.166,0.644,14.398
1583472346923,-1.166,0.723,12.986
1583472346964,-1.323,0.252,11.574
1583472346964,-1.48,-0.296,10.24
1583472347004,-1.558,-0.767,8.2
1583472347004,-1.323,-0.453,6.552
1583472347044,-0.852,-0.218,5.376
1583472347044,-0.46,-0.532,4.356
1583472347083,0.01,-0.453,3.022
1583472347083,0.402,-0.375,1.531
1583472347123,0.951,-0.218,0.276
1583472347123,1.343,-0.218,-0.821
1583472347163,1.736,-0.139,-1.606
1583472347163,1.814,-0.139,-1.92
1583472347203,1.971,-0.139,-1.763
1583472347203,2.206,-0.218,-1.528
1583472347242,2.285,-0.139,-0.508
1583472347243,1.736,-0.061,1.139
1583472347283,0.873,-0.218,3.414
1583472347283,0.088,-0.139,4.905
1583472347322,-0.617,0.174,7.494
1583472347322,-2.343,0.017,10.24
1583472347363,-1.558,0.095,14.32
1583472347363,-1.245,0.017,15.732
1583472347402,-0.695,0.409,15.967
1583472347402,0.167,0.88,16.203
1583472347442,0.873,1.037,16.281
1583472347442,1.187,0.801,16.673
1583472347482,1.108,0.566,17.693
1583472347482,1.03,0.33,18.713
1583472347522,0.951,0.252,19.498
1583472347522,0.559,0.017,19.968
1583472347562,0.088,-0.139,19.968
1583472347562,-0.303,0.017,19.184
1583472347602,-0.617,-0.061,18.007
1583472347602,-0.931,-0.061,17.301
1583472347641,-1.166,-0.061,16.438
1583472347641,-1.166,-0.139,15.183
1583472347681,-1.166,-0.139,13.378
1583472347681,-1.402,-0.218,11.338
1583472347721,-1.872,-0.61,9.377
1583472347721,-2.108,-0.845,7.729
1583472347761,-1.794,-0.689,5.925
1583472347761,-1.088,-0.453,4.12
1583472347801,-0.46,-0.218,2.551
1583472347801,0.245,-0.061,1.061
1583472347841,0.794,-0.061,-0.194
1583472347841,1.187,0.017,-1.135
1583472347881,1.657,-0.061,-1.841
1583472347881,2.128,-0.139,-2.234
1583472347920,2.285,-0.139,-2.234
1583472347920,2.52,0.095,-1.92
1583472347961,1.971,0.095,-0.586
1583472347961,1.265,-0.061,1.845
1583472348000,0.245,-0.375,4.277
1583472348000,-0.382,-0.689,6.317
1583472348041,-1.009,-0.532,8.671
1583472348041,-1.402,-0.296,10.475
1583472348080,-1.088,-0.139,12.044
1583472348081,-0.852,-0.139,13.457
1583472348120,-0.695,0.095,14.712
1583472348120,-0.303,0.174,16.046
1583472348160,0.245,0.252,17.458
1583472348160,0.48,0.252,18.478
1583472348200,0.794,0.017,19.184
1583472348200,0.873,-0.218,20.125
1583472348240,0.951,-0.139,20.831
1583472348240,0.637,-0.061,21.302
1583472348280,-0.303,-0.296,21.616
1583472348280,-0.695,-0.767,21.145
1583472348319,-0.774,-0.61,19.733
1583472348320,-0.695,-0.139,17.615
1583472348360,-0.695,-0.139,15.653
1583472348360,-1.088,-0.375,13.849
1583472348400,-1.637,-0.689,12.123
1583472348400,-2.265,-0.924,10.24
1583472348440,-2.578,-0.845,8.122
1583472348440,-2.343,-0.689,5.768
1583472348479,-1.794,-0.453,3.806
1583472348479,-1.088,-0.296,1.845
1583472348518,-0.303,-0.375,0.59
1583472348518,0.402,-0.375,-0.351
1583472348559,0.951,-0.532,-0.9
1583472348559,1.265,-0.375,-1.214
1583472348599,1.5,-0.296,-0.978
1583472348599,1.814,-0.375,-0.508
1583472348640,2.128,-0.375,-0.351
1583472348640,2.206,-0.296,-0.272
1583472348678,1.579,-0.139,0.904
1583472348678,0.716,0.095,2.865
1583472348718,-0.382,0.174,5.062
1583472348718,-1.245,0.017,7.102
1583472348758,-1.402,-0.061,8.906
1583472348758,-1.323,0.095,10.711
1583472348798,-1.48,0.252,12.358
1583472348798,-1.637,0.33,13.927
1583472348840,-1.637,0.801,15.34
1583472348840,-1.166,1.115,16.203
1583472348878,-0.539,1.037,16.909
1583472348878,0.167,0.801,18.164
1583472348917,0.716,0.566,19.341
1583472348917,1.265,0.566,20.361
1583472348957,1.265,0.566,21.224
1583472348957,0.951,0.33,21.694
1583472348997,0.324,0.174,21.302
1583472348997,-0.068,0.174,20.204
1583472349039,-0.382,0.33,18.635
1583472349039,-0.852,0.566,16.83
1583472349077,-1.323,0.801,15.183
1583472349077,-1.402,0.88,13.535
1583472349117,-1.245,0.566,11.574
1583472349117,-1.245,-0.139,10.005
1583472349157,-1.088,-0.532,8.435
1583472349157,-0.931,-0.689,7.023
1583472349196,-0.774,-0.61,5.376
1583472349196,-0.382,-0.532,3.65
1583472349236,-0.068,-0.532,1.924
1583472349236,0.402,-0.375,0.59
1583472349277,0.873,-0.218,-0.351
1583472349277,1.265,-0.218,-1.214
1583472349316,1.657,0.017,-1.684
1583472349316,1.893,0.33,-1.998
1583472349356,2.05,0.33,-1.763
1583472349356,2.05,0.174,-0.978
1583472349396,1.893,-0.061,0.276
1583472349396,1.422,-0.061,1.453
1583472349436,0.559,0.095,3.257
1583472349436,-0.382,-0.139,5.376
1583472349476,-1.166,-0.61,7.18
1583472349476,-1.637,-0.453,8.985
1583472349515,-2.108,-0.375,11.495
1583472349515,-2.108,0.174,13.613
1583472349555,-1.402,0.409,15.261
1583472349555,-0.852,0.33,16.909
1583472349595,-0.617,0.409,18.713
1583472349595,-0.382,0.487,19.968
1583472349635,-0.068,0.723,20.518
1583472349635,0.402,0.723,21.067
1583472349676,0.402,0.566,21.381
1583472349676,0.245,0.409,21.224
1583472349714,-0.382,0.33,20.518
1583472349714,-1.166,0.252,19.576
1583472349755,-1.637,0.017,17.929
1583472349755,-1.637,0.017,15.889
1583472349795,-1.558,0.252,14.084
1583472349795,-1.951,0.566,11.809
1583472349835,-1.794,0.644,10.161
1583472349835,-1.715,0.487,8.985
1583472349874,-1.715,0.174,7.651
1583472349875,-1.558,-0.139,6.239
1583472349914,-1.166,-0.218,4.905
1583472349914,-0.539,-0.218,3.414
1583472349954,0.088,-0.218,2.316
1583472349954,0.559,-0.139,1.296
1583472349994,0.951,-0.061,0.433
1583472349994,1.343,-0.061,-0.272
1583472350034,1.579,-0.061,-0.508
1583472350034,1.736,0.017,-0.429
1583472350064,1.814,-0.061,0.041
1583472350093,1.971,-0.218,0.904
1583472350095,2.05,-0.375,1.688
1583472350133,1.736,-0.296,2.394
1583472350133,0.951,-0.139,3.806
1583472350173,0.01,-0.218,5.533
1583472350173,-0.695,-0.375,7.494
1583472350213,-0.931,-0.532,9.691
1583472350213,-1.009,-0.296,12.358
1583472350253,-1.166,0.252,15.183
1583472350253,-1.009,0.801,17.536
1583472350293,-0.539,1.037,19.262
1583472350294,-0.068,1.037,20.518
1583472350332,0.167,1.037,20.988
1583472350332,0.48,1.037,20.91
1583472350372,0.637,0.88,20.439
1583472350372,0.559,0.644,19.89
1583472350413,0.324,0.33,19.262
1583472350413,0.01,0.174,18.242
1583472350452,-0.382,0.174,17.144
1583472350452,-0.852,0.174,15.81
1583472350492,-1.088,0.095,14.476
1583472350493,-1.166,0.095,12.829
1583472350532,-1.088,0.252,11.338
1583472350532,-0.931,0.409,9.769
1583472350572,-0.774,0.409,8.122
1583472350572,-0.539,0.174,6.631
1583472350612,-0.068,-0.139,5.219
1583472350612,0.245,-0.453,4.277
1583472350652,0.637,-0.453,3.257
1583472350652,0.951,-0.375,2.316
1583472350692,1.265,-0.296,1.296
1583472350693,1.5,-0.453,0.276
1583472350731,1.893,-0.375,-0.586
1583472350731,2.128,-0.296,-1.214
1583472350772,2.363,-0.218,-1.449
1583472350772,2.599,-0.218,-1.135
1583472350812,2.363,-0.139,-0.351
1583472350812,1.736,-0.218,0.825
1583472350852,0.716,-0.375,2.473
1583472350852,-0.617,-0.532,4.12
1583472350892,-1.872,-0.532,6.239
1583472350893,-2.343,-0.375,8.985
1583472350931,-2.186,-0.139,11.887
1583472350931,-2.029,0.174,14.476
1583472350971,-1.637,0.487,16.987
1583472350971,-0.931,0.487,19.027
1583472351011,-0.225,0.33,20.596
1583472351011,0.01,0.409,21.773
1583472351051,0.088,0.409,22.793
1583472351051,0.167,0.174,23.185
1583472351091,0.088,0.095,22.636
1583472351092,-0.46,0.095,21.694
1583472351130,-0.852,0.174,20.361
1583472351130,-1.009,0.174,18.635
1583472351170,-1.323,0.017,16.909
1583472351170,-1.715,-0.061,15.183
1583472351210,-2.029,-0.061,13.692
1583472351210,-2.108,-0.061,12.044
1583472351250,-2.029,-0.296,9.769
1583472351250,-1.715,-0.218,7.965
1583472351290,-1.48,-0.061,6.396
1583472351292,-0.931,0.174,4.513
1583472351329,-0.303,0.095,2.551
1583472351329,0.245,-0.061,0.982
1583472351370,0.716,-0.296,-0.037
1583472351370,0.951,-0.218,-0.821
1583472351410,1.343,-0.296,-1.606
1583472351410,1.736,-0.139,-1.763
1583472351450,1.814,-0.218,-1.684
1583472351450,1.814,-0.218,-1.214
1583472351490,1.814,-0.139,-0.429
1583472351491,1.579,-0.061,0.59
1583472351529,1.03,0.017,1.845
1583472351529,0.48,0.174,3.65
1583472351569,-0.382,0.174,5.846
1583472351569,-1.166,0.252,8.357
1583472351609,-2.029,0.252,11.024
1583472351609,-2.343,0.487,12.829
1583472351649,-2.657,0.017,14.947
1583472351649,-2.108,-0.061,16.673
1583472351689,-1.088,0.33,17.85
1583472351690,-0.146,0.723,18.478
1583472351728,0.794,0.958,19.498
1583472351728,1.657,1.037,20.518
1583472351769,2.206,1.037,21.459
1583472351769,2.05,1.193,22.008
1583472351808,1.5,1.35,22.008
1583472351809,0.716,1.272,21.067
1583472351849,-0.146,0.88,19.262
1583472351849,-0.774,0.644,17.379
1583472351888,-1.245,0.644,15.104
1583472351890,-1.48,0.566,13.3
1583472351928,-1.637,0.409,11.574
1583472351928,-1.637,0.33,10.161
1583472351968,-1.715,0.095,8.749
1583472351968,-1.715,-0.139,7.337
1583472352007,-1.402,-0.296,5.768
1583472352007,-1.009,-0.218,4.434
1583472352048,-0.46,-0.218,3.1
1583472352048,0.088,-0.218,2.002
1583472352088,0.637,-0.218,0.904
1583472352089,1.108,-0.218,0.119
1583472352127,1.5,-0.453,-0.586
1583472352127,1.814,-0.689,-1.214
1583472352167,2.206,-0.61,-1.528
1583472352168,2.52,-0.296,-1.292
1583472352207,2.599,0.095,-0.351
1583472352207,2.128,0.252,0.982
1583472352247,1.343,0.017,2.63
1583472352247,0.402,-0.139,4.669
1583472352287,-0.617,-0.061,6.788
1583472352288,-1.402,-0.061,9.22
1583472352326,-2.108,-0.061,11.181
1583472352326,-2.343,0.174,12.75
1583472352367,-2.029,0.566,14.163
1583472352367,-1.637,0.801,15.81
1583472352407,-1.166,0.801,17.066
1583472352407,-0.852,0.723,17.929
1583472352447,-0.695,0.723,19.105
1583472352447,-0.695,0.801,20.518
1583472352487,-0.695,0.801,21.538
1583472352488,-0.931,0.644,21.616
1583472352526,-1.323,0.487,21.067
1583472352526,-1.715,0.33,20.047
1583472352567,-1.951,0.095,18.713
1583472352567,-2.029,0.017,17.144
1583472352606,-2.029,0.017,15.496
1583472352606,-2.029,0.095,14.084
1583472352647,-1.951,0.174,12.672
1583472352647,-2.029,0.017,11.181
1583472352686,-1.951,-0.218,9.534
1583472352688,-1.715,-0.296,7.886
1583472352726,-1.166,-0.218,6.16
1583472352726,-0.852,-0.139,4.748
1583472352766,-0.46,-0.139,3.336
1583472352766,0.01,-0.296,2.002
1583472352805,0.637,-0.296,1.139
1583472352805,1.108,-0.139,0.511
1583472352847,1.5,0.174,0.119
1583472352847,1.814,0.33,-0.821
1583472352885,1.814,0.33,-1.135
1583472352887,1.893,0.174,-1.057
1583472352925,1.971,0.095,-0.272
1583472352925,1.971,-0.139,0.982
1583472352965,1.5,-0.453,2.551
1583472352965,0.794,-0.453,4.042
1583472353005,0.167,-0.453,5.533
1583472353005,-0.852,-0.532,7.337
1583472353045,-1.48,-0.61,8.985
1583472353045,-1.637,-0.296,10.554
1583472353084,-1.323,0.174,11.809
1583472353086,-0.931,0.487,12.829
1583472353124,-0.46,0.487,14.006
1583472353124,-0.303,0.252,15.183
1583472353165,-0.303,-0.061,16.124
1583472353165,-0.068,-0.061,16.83
1583472353204,0.245,-0.218,17.772
1583472353204,0.324,-0.532,18.713
1583472353244,0.324,-0.845,19.419
1583472353244,0.01,-0.689,19.655
1583472353284,-0.303,-0.61,19.498
1583472353285,-0.539,-0.532,18.87
1583472353323,-0.695,-0.532,17.772
1583472353323,-0.852,-0.375,16.673
1583472353363,-1.166,-0.218,15.889
1583472353363,-1.48,-0.061,15.183
1583472353404,-1.637,-0.296,14.633
1583472353404,-1.558,-0.453,13.692
1583472353444,-1.402,-0.218,12.672
1583472353444,-1.558,-0.061,11.181
1583472353483,-1.402,0.017,9.691
1583472353485,-1.009,0.017,8.043
1583472353523,-0.46,-0.139,6.631
1583472353523,0.167,-0.061,5.611
1583472353563,0.716,-0.061,4.513
1583472353563,1.187,-0.218,3.728
1583472353603,1.5,-0.296,2.787
1583472353603,1.814,-0.296,1.924
1583472353642,2.128,-0.296,1.139
1583472353642,2.206,-0.218,0.668
1583472353683,2.206,-0.139,0.59
1583472353684,2.285,-0.061,0.511
1583472353722,2.442,-0.061,0.59
1583472353722,2.599,0.017,0.904
1583472353762,2.442,0.095,1.531
1583472353763,2.128,0.095,2.237
1583472353802,1.736,0.174,3.493
1583472353802,0.873,0.252,4.983
1583472353842,-0.068,0.252,6.239
1583472353843,-0.382,0.33,7.337
1583472353882,-0.46,0.174,8.592
1583472353884,-0.774,0.017,9.769
1583472353921,-1.166,-0.061,10.711
1583472353921,-1.402,0.017,11.731
1583472353962,-1.402,-0.139,13.378
1583472353962,-1.402,-0.218,15.026
1583472354002,-1.48,-0.218,16.359
1583472354002,-1.166,-0.061,17.301
1583472354042,-0.46,-0.061,18.007
1583472354042,0.088,-0.218,18.007
1583472354081,0.873,-0.296,18.007
1583472354083,1.422,-0.139,18.085
1583472354121,1.579,-0.139,18.242
1583472354121,1.5,-0.061,18.007
1583472354161,1.187,0.017,17.536
1583472354161,0.794,0.095,16.909
1583472354201,0.167,0.095,16.438
1583472354201,-0.146,-0.061,15.889
1583472354241,-0.303,-0.139,15.261
1583472354241,-0.225,0.017,14.398
1583472354281,-0.068,0.174,13.613
1583472354283,-0.146,0.33,12.672
1583472354320,-0.225,0.33,11.887
1583472354320,-0.303,0.095,11.103
1583472354361,-0.303,-0.061,10.24
1583472354361,-0.225,0.095,9.22
1583472354401,-0.146,0.252,7.808
1583472354401,0.01,0.174,6.474
1583472354441,0.167,0.017,5.219
1583472354441,0.559,0.017,3.885
1583472354481,0.951,-0.061,2.787
1583472354482,1.343,0.095,1.924
1583472354520,1.736,0.095,1.296
1583472354520,1.971,0.017,0.904
1583472354560,2.128,0.017,0.511
1583472354560,2.442,0.017,0.041
1583472354600,2.756,-0.139,-0.037
1583472354600,2.913,-0.218,0.119
1583472354640,2.913,-0.139,0.511
1583472354640,2.677,-0.061,1.217
1583472354680,2.285,-0.061,2.237
1583472354681,1.5,-0.061,3.571
1583472354719,0.716,0.017,4.905
1583472354719,-0.146,0.095,6.239
1583472354759,-0.303,0.017,7.572
1583472354760,-0.539,-0.061,9.063
1583472354799,-1.166,-0.218,10.868
1583472354799,-1.48,-0.296,12.201
1583472354839,-1.088,-0.296,13.535
1583472354839,-0.852,-0.139,14.712
1583472354879,-0.852,-0.139,15.81
1583472354881,-0.774,-0.139,16.673
1583472354918,-0.617,-0.296,17.222
1583472354919,-0.382,-0.532,17.693
1583472354959,-0.146,-0.532,18.399
1583472354959,0.01,-0.453,18.792
1583472354999,-0.068,-0.532,19.027
1583472354999,-0.303,-0.689,18.948
1583472355039,-0.617,-0.61,18.635
1583472355039,-1.009,-0.375,18.321
1583472355079,-1.323,-0.375,17.85
1583472355080,-1.48,-0.453,17.379
1583472355118,-1.794,-0.375,16.673
1583472355118,-1.872,-0.139,15.967
1583472355158,-1.951,0.017,15.026
1583472355158,-1.872,0.095,13.849
1583472355198,-1.794,0.174,12.123
1583472355198,-1.558,0.252,10.711
1583472355238,-1.245,0.33,9.22
1583472355238,-0.931,0.33,7.651
1583472355278,-0.539,0.095,6.317
1583472355279,-0.068,-0.061,4.669
1583472355317,0.716,-0.061,3.336
1583472355317,1.343,0.095,2.159
1583472355358,1.736,0.095,1.061
1583472355358,1.893,0.017,0.276
1583472355397,2.206,-0.139,-0.429
1583472355398,2.442,-0.218,-0.978
1583472355437,2.756,-0.139,-1.135
1583472355437,2.913,-0.061,-1.214
1583472355478,3.148,0.017,-1.292
1583472355479,3.383,0.095,-1.135
1583472355516,3.226,0.174,-0.586
1583472355517,2.52,0.095,0.354
1583472355557,1.343,0.095,1.61
1583472355557,0.324,0.095,3.65
1583472355597,-0.46,-0.061,6.003
1583472355597,-1.088,0.017,7.965
1583472355637,-1.951,0.174,9.691
1583472355637,-2.657,0.017,11.652
1583472355676,-2.5,-0.061,13.535
1583472355678,-1.637,-0.061,15.026
1583472355716,-0.852,-0.139,16.046
1583472355716,-0.46,-0.139,17.458
1583472355756,0.01,-0.061,18.713
1583472355757,0.559,0.017,19.576
1583472355796,1.265,0.095,20.361
1583472355796,1.579,0.017,21.302
1583472355836,1.422,-0.218,21.851
1583472355836,0.951,-0.296,21.694
1583472355876,0.324,-0.139,20.91
1583472355878,-0.146,-0.061,19.812
1583472355915,-0.617,-0.296,18.321
1583472355915,-1.323,-0.453,17.144
1583472355956,-1.715,-0.453,15.967
1583472355956,-1.48,-0.218,14.555
1583472355995,-1.48,-0.061,13.457
1583472355995,-1.715,-0.061,12.28
1583472356036,-1.637,0.174,11.024
1583472356036,-1.402,0.33,9.534
1583472356075,-1.245,0.409,8.122
1583472356077,-0.931,0.252,6.866
1583472356115,-0.695,0.017,5.376
1583472356115,-0.303,0.095,4.356
1583472356155,0.088,0.252,3.1
1583472356155,0.48,0.252,1.767
1583472356195,0.951,0.252,0.904
1583472356195,1.343,0.174,0.354
1583472356235,1.657,0.174,-0.272
1583472356235,2.128,0.252,-0.821
1583472356275,2.442,-0.061,-1.449
1583472356276,2.677,-0.296,-1.528
1583472356314,2.677,-0.453,-0.978
1583472356314,2.599,-0.453,-0.351
1583472356354,1.893,-0.375,0.511
1583472356354,1.187,-0.139,1.924
1583472356394,0.088,-0.532,3.022
1583472356394,-0.695,-0.375,4.356
1583472356434,-1.402,-0.061,6.239
1583472356434,-1.872,0.174,8.514
1583472356474,-2.265,0.252,10.868
1583472356475,-2.265,0.487,12.907
1583472356513,-1.637,0.566,14.947
1583472356513,-0.852,0.33,16.752
1583472356554,-0.382,0.095,18.242
1583472356554,-0.225,0.095,19.262
1583472356593,0.167,0.174,20.282
1583472356593,0.559,0.174,21.302
1583472356634,0.794,0.095,21.773
1583472356634,0.716,-0.061,21.851
1583472356673,0.324,0.017,21.616
1583472356675,-0.225,0.017,20.91
1583472356713,-1.009,0.017,19.576
1583472356713,-1.402,0.017,18.478
1583472356753,-1.794,-0.061,17.379
1583472356753,-1.951,0.174,15.889
1583472356793,-2.108,0.33,14.398
1583472356793,-2.029,0.487,12.907
1583472356833,-1.872,0.409,11.495
1583472356833,-1.637,0.33,10.161
1583472356873,-1.558,0.095,8.985
1583472356874,-1.558,0.017,7.651
1583472356912,-1.402,-0.061,6.082
1583472356912,-1.009,-0.139,4.591
1583472356953,-0.539,-0.061,3.1
1583472356953,0.088,-0.061,1.61
1583472356993,0.716,-0.139,0.354
1583472356993,1.108,-0.139,-0.429
1583472357033,1.657,-0.139,-1.135
1583472357033,2.128,-0.061,-1.449
1583472357072,2.52,-0.061,-1.763
1583472357074,2.677,-0.296,-1.684
1583472357112,2.677,-0.296,-0.978
1583472357112,2.52,-0.218,-0.037
1583472357152,2.206,-0.061,0.904
1583472357152,1.5,0.017,2.473
1583472357192,0.402,-0.139,4.042
1583472357192,-0.46,-0.139,5.846
1583472357232,-1.088,-0.218,7.729
1583472357232,-1.088,-0.139,9.298
1583472357272,-1.245,-0.139,10.946
1583472357273,-1.323,0.017,12.437
1583472357311,-1.166,0.33,13.849
1583472357311,-0.852,0.409,15.104
1583472357352,-0.46,0.252,16.124
1583472357352,0.01,0.33,17.301
1583472357391,0.088,0.409,18.948
1583472357391,0.245,0.252,20.675
1583472357431,0.324,0.252,21.459
1583472357431,0.245,0.252,21.694
1583472357471,0.167,0.252,21.93
1583472357473,-0.146,0.252,21.381
1583472357510,-0.46,0.409,20.282
1583472357510,-1.009,0.566,19.341
1583472357551,-1.715,0.566,18.085
1583472357551,-2.421,0.487,17.301
1583472357591,-2.814,0.33,16.046
1583472357591,-3.128,0.252,14.476
1583472357631,-3.363,0.409,12.907
1583472357631,-3.284,0.33,11.338
1583472357671,-2.892,0.174,10.083
1583472357672,-2.657,-0.061,8.671
1583472357710,-2.265,-0.218,7.18
1583472357710,-1.637,-0.218,5.297
1583472357750,-1.009,-0.218,3.571
1583472357750,-0.303,-0.139,2.08
1583472357790,0.402,-0.218,0.982
1583472357790,1.187,-0.218,-0.037
1583472357830,1.814,-0.218,-1.135
1583472357830,2.363,-0.139,-1.92
1583472357870,2.677,-0.296,-2.234
1583472357872,2.756,-0.296,-2.312
1583472357909,2.756,-0.218,-1.998
1583472357909,2.756,-0.061,-1.214
1583472357950,2.599,0.252,-0.194
1583472357950,1.971,0.566,1.296
1583472357989,1.187,0.644,2.708
1583472357989,0.402,0.644,3.885
1583472358030,-0.225,0.409,4.826
1583472358030,-0.931,0.174,6.474
1583472358069,-1.245,-0.061,8.671
1583472358071,-1.166,-0.296,11.103
1583472358108,-1.088,-0.689,12.515
1583472358108,-1.166,-1.159,13.457
1583472358149,-0.617,-1.081,14.476
1583472358149,0.01,-0.689,15.653
1583472358189,0.48,-0.296,16.673
1583472358189,0.794,-0.296,17.458
1583472358229,0.951,-0.061,18.478
1583472358229,1.422,0.409,19.576
1583472358269,1.265,0.566,20.675
1583472358270,0.716,0.487,21.459
1583472358308,-0.303,0.409,21.694
1583472358308,-1.245,0.33,21.067
1583472358349,-1.715,0.33,19.812
1583472358349,-1.872,0.174,18.321
1583472358388,-2.029,0.174,16.987
1583472358388,-2.108,0.095,15.732
1583472358430,-2.421,0.095,14.555
1583472358430,-2.578,0.095,13.77
1583472358468,-2.578,-0.061,13.064
1583472358470,-2.735,-0.218,11.887
1583472358507,-2.578,-0.139,10.632
1583472358507,-2.265,0.017,8.828
1583472358548,-1.637,0.095,7.259
1583472358548,-1.088,0.174,5.611
1583472358588,-0.382,0.095,4.042
1583472358588,0.324,0.017,2.787
1583472358628,1.265,0.017,1.845
1583472358628,2.05,-0.061,1.217
1583472358668,2.677,-0.061,0.747
1583472358669,2.913,-0.061,0.354
1583472358707,2.913,-0.139,0.119
1583472358707,2.677,-0.296,0.041
1583472358747,2.442,-0.453,0.276
1583472358747,2.206,-0.453,0.747
1583472358787,1.971,-0.375,0.982
1583472358787,1.657,-0.061,1.296
1583472358827,1.422,0.017,1.688
1583472358827,1.265,-0.061,2.787
1583472358867,0.716,-0.061,3.885
1583472358868,-0.146,0.095,5.062
1583472358906,-0.852,0.174,6.552
1583472358906,-1.323,0.174,8.122
1583472358947,-1.166,0.095,9.691
1583472358947,-1.009,0.095,11.338
1583472358986,-1.245,0.095,13.143
1583472358986,-1.48,-0.218,15.104
1583472359026,-1.245,-0.375,16.752
1583472359026,-0.774,-0.218,18.478
1583472359066,-0.46,-0.218,19.733
1583472359068,-0.225,-0.375,20.596
1583472359105,-0.068,-0.532,21.145
1583472359105,0.088,-0.375,21.381
1583472359146,0.088,-0.296,21.067
1583472359146,-0.146,-0.218,20.518
1583472359185,-0.617,-0.061,19.655
1583472359186,-1.009,0.174,18.399
1583472359225,-1.323,0.33,16.83
1583472359225,-1.558,0.33,15.575
1583472359265,-1.872,0.252,14.79
1583472359267,-2.108,0.33,14.006
1583472359305,-2.186,0.566,12.594
1583472359305,-1.794,0.566,11.181
1583472359345,-1.402,0.487,9.769
1583472359345,-1.166,0.33,8.357
1583472359385,-0.931,0.252,7.102
1583472359385,-0.539,0.174,5.846
1583472359425,-0.225,0.017,4.591
1583472359425,0.402,-0.061,3.179
1583472359464,1.187,0.017,2.08
1583472359466,1.736,0.017,1.139
1583472359504,2.206,0.017,0.433
1583472359504,2.442,0.017,0.119
1583472359545,2.52,-0.061,-0.037
1583472359545,2.599,-0.139,0.041
1583472359584,2.677,-0.061,0.354
1583472359584,2.834,-0.061,0.747
1583472359624,2.913,-0.061,1.61
1583472359624,2.599,0.095,2.708
1583472359664,1.736,0.095,3.885
1583472359665,0.637,0.095,4.905
1583472359704,-0.303,-0.061,5.846
1583472359704,-1.166,-0.139,7.102
1583472359743,-2.029,-0.061,8.278
1583472359744,-2.421,0.017,8.828
1583472359783,-1.715,-0.139,9.691
1583472359783,-0.931,-0.375,10.868
1583472359824,-0.695,-0.296,11.887
1583472359824,-0.303,0.174,12.515
1583472359863,0.088,0.487,13.457
1583472359865,0.402,0.487,14.947
1583472359903,0.637,0.252,16.359
1583472359903,0.951,0.487,17.693
1583472359943,0.951,0.644,18.87
1583472359943,0.794,0.801,19.733
1583472359983,0.716,0.88,20.125
1583472359983,0.559,0.958,19.968
1583472360023,0.402,0.801,19.655
1583472360023,0.088,0.409,18.948
1583472360062,-0.225,0.017,17.85
1583472360064,-0.695,-0.139,16.673
1583472360102,-1.009,-0.061,15.889
1583472360102,-1.166,-0.218,14.947
1583472360143,-1.245,-0.218,14.084
1583472360143,-1.166,-0.061,13.143
1583472360183,-1.166,0.095,12.044
1583472360183,-1.166,0.095,11.26
1583472360222,-1.245,0.095,10.161
1583472360223,-1.166,-0.061,8.671
1583472360262,-0.931,0.017,7.415
1583472360263,-0.539,0.017,6.003
1583472360302,0.01,0.017,4.669
1583472360302,0.402,-0.061,3.336
1583472360342,0.794,-0.139,2.237
1583472360342,1.187,-0.139,1.374
1583472360381,1.343,-0.139,0.747
1583472360381,1.5,-0.139,0.276
1583472360421,1.893,-0.061,-0.272
1583472360421,2.206,-0.061,-0.429
1583472360462,2.599,-0.218,-0.351
1583472360463,2.991,-0.218,0.041
1583472360501,2.991,-0.296,0.747
1583472360501,2.677,-0.296,1.688
1583472360541,1.971,-0.218,2.708
1583472360542,0.873,0.017,4.042
1583472360581,0.088,0.017,6.16
1583472360581,-0.303,0.017,8.357
1583472360621,-0.382,-0.139,10.161
1583472360621,-0.852,-0.218,11.26
1583472360661,-1.009,0.174,12.594
1583472360663,-0.852,0.723,13.927
1583472360700,-0.46,1.429,14.869
1583472360700,-0.068,1.978,15.261
1583472360741,0.324,2.37,15.496
1583472360741,0.402,2.292,16.203
1583472360780,0.402,1.664,17.066
1583472360780,0.402,1.115,17.693
1583472360821,0.245,0.723,18.242
1583472360821,0.167,0.409,18.713
1583472360862,-0.068,0.017,18.792
1583472360863,-0.225,-0.218,18.321
1583472360899,-0.46,-0.296,17.536
1583472360899,-0.617,-0.218,16.83
1583472360940,-0.774,0.017,16.046
1583472360940,-0.852,0.095,15.183
1583472360980,-0.931,0.174,14.163
1583472360980,-0.931,0.33,13.378
1583472361020,-1.009,0.33,12.907
1583472361020,-1.402,0.252,12.358
1583472361060,-1.637,0.174,11.652
1583472361061,-1.715,0.095,10.475
1583472361099,-1.558,0.095,9.298
1583472361099,-1.088,0.33,7.808
1583472361139,-0.382,0.409,6.317
1583472361139,0.245,0.33,4.983
1583472361179,0.637,0.174,3.65
1583472361179,1.03,-0.061,2.63
1583472361219,1.5,-0.218,1.767
1583472361219,1.814,-0.139,1.061
1583472361259,2.206,0.095,0.276
1583472361260,2.363,0.252,-0.351
1583472361298,2.599,0.174,-0.665
1583472361298,2.52,-0.139,-0.665
1583472361338,2.52,-0.375,-0.115
1583472361339,2.52,-0.453,0.668
1583472361379,2.206,-0.296,1.296
1583472361379,1.657,-0.296,2.394
1583472361418,0.794,-0.139,3.806
1583472361418,0.245,0.095,5.689
1583472361459,-0.303,0.174,7.965
1583472361461,-0.931,0.252,9.926
1583472361497,-0.931,0.095,11.574
1583472361498,-0.382,0.095,13.064
1583472361538,-0.225,0.487,13.77
1583472361538,-0.539,0.409,14.947
1583472361579,-0.225,0.252,15.81
1583472361579,-0.146,0.487,16.516
1583472361619,-0.146,0.644,17.066
1583472361619,-0.225,0.723,17.458
1583472361659,-0.225,0.723,17.615
1583472361660,-0.146,0.566,17.615
1583472361697,0.01,0.487,17.772
1583472361697,-0.068,0.487,17.772
1583472361737,-0.146,0.566,17.536
1583472361737,-0.068,0.566,17.066
1583472361778,-0.303,0.566,16.909
1583472361779,-0.774,0.644,16.752
1583472361818,-1.088,0.644,16.124
1583472361818,-1.166,0.566,15.104
1583472361857,-1.166,0.566,13.692
1583472361858,-0.931,0.644,12.437
1583472361896,-0.617,0.566,11.417
1583472361897,-0.303,0.487,10.475
1583472361937,-0.225,0.409,9.22
1583472361937,-0.068,0.33,8.2
1583472361977,-0.068,0.252,7.337
1583472361977,0.01,0.095,6.082
1583472362016,0.402,-0.061,5.219
1583472362017,0.794,-0.061,4.199
1583472362056,1.187,0.095,3.336
1583472362057,1.422,0.174,2.394
1583472362096,1.579,0.252,1.531
1583472362096,1.814,0.174,0.668
1583472362136,2.05,0.017,0.198
1583472362136,2.363,-0.218,-0.115
1583472362176,2.677,-0.218,-0.351
1583472362176,3.069,-0.218,-0.351
1583472362216,3.226,-0.296,0.276
1583472362216,2.913,-0.296,1.374
1583472362257,2.206,-0.218,2.708
1583472362258,1.343,-0.218,4.513
1583472362295,0.167,-0.139,6.474
1583472362295,-1.009,0.017,8.828
1583472362336,-1.558,0.252,10.868
1583472362336,-1.715,0.487,11.731
1583472362376,-1.794,0.566,12.201
1583472362376,-1.245,0.017,12.515
1583472362415,-0.303,-0.453,12.907
1583472362415,0.245,-0.453,13.457
1583472362456,0.716,-0.218,14.163
1583472362458,1.03,0.33,15.026
1583472362495,1.265,0.723,15.81
1583472362495,1.5,0.88,16.516
1583472362534,1.971,0.487,17.301
1583472362535,1.814,0.174,18.242
1583472362576,1.5,0.017,18.948
1583472362576,1.187,-0.139,19.341
1583472362616,0.794,-0.061,18.87
1583472362616,0.167,-0.061,18.242
1583472362656,-0.303,-0.139,18.085
1583472362657,-0.695,-0.296,17.536
1583472362694,-1.166,-0.139,16.595
1583472362694,-1.872,0.252,15.261
1583472362735,-2.186,0.33,13.77
1583472362735,-2.029,0.252,12.28
1583472362775,-1.637,0.095,10.632
1583472362775,-1.166,0.017,8.749
1583472362815,-0.774,-0.139,7.18
1583472362815,-0.46,-0.139,5.689
1583472362855,0.01,-0.139,4.277
1583472362856,0.637,-0.139,3.179
1583472362893,1.108,-0.061,2.159
1583472362893,1.343,0.017,1.453
1583472362934,1.422,0.017,1.061
1583472362934,1.422,0.095,0.747
1583472362974,1.343,0.174,0.276
1583472362974,1.657,0.174,-0.037
1583472363014,1.893,0.095,-0.037
1583472363014,2.128,-0.061,0.276
1583472363054,2.05,-0.139,1.061
1583472363056,1.893,-0.061,1.924
1583472363092,1.579,0.174,2.551
1583472363092,1.422,0.33,3.414
1583472363132,0.794,0.095,4.826
1583472363133,-0.382,-0.375,7.023
1583472363174,-1.245,-0.767,9.612
1583472363174,-1.794,-0.689,11.809
1583472363213,-2.265,-0.296,13.3
1583472363214,-2.5,-0.218,14.476
1583472363253,-1.872,-0.296,15.34
1583472363255,-1.088,0.017,15.653
1583472363292,-0.617,0.252,15.575
1583472363292,-0.225,-0.061,15.732
1583472363333,0.324,-0.61,16.203
1583472363333,1.108,-0.61,16.752
1583472363373,1.736,-0.453,17.301
1583472363373,2.128,-0.296,17.85
1583472363413,2.05,-0.218,18.478
1583472363413,1.5,-0.296,18.792
1583472363453,0.794,-0.218,18.556
1583472363454,0.324,-0.061,18.242
1583472363491,-0.617,0.017,17.615
1583472363491,-1.402,-0.061,16.987
1583472363532,-2.108,0.017,16.203
1583472363532,-2.657,0.174,14.79
1583472363572,-3.049,0.095,13.143
1583472363572,-3.284,0.017,11.495
1583472363613,-3.128,0.095,9.534
1583472363613,-2.657,0.017,7.415
1583472363652,-1.794,0.174,5.454
1583472363654,-0.852,0.095,3.963
1583472363690,-0.382,-0.296,3.1
1583472363690,0.01,-0.532,2.473
1583472363732,0.48,-0.61,1.845
1583472363732,1.03,-0.532,1.296
1583472363772,1.579,-0.375,0.904
1583472363772,2.128,-0.375,0.59
1583472363812,2.52,-0.532,0.276
1583472363812,3.148,-0.61,0.198
1583472363852,3.305,-0.296,0.433
1583472363853,2.991,0.174,1.139
1583472363890,2.442,0.88,2.865
1583472363890,1.108,0.566,3.806
1583472363931,0.794,0.095,4.277
1583472363931,0.167,-0.218,6.082
1583472363971,-0.774,-0.218,8.357
1583472363971,-0.852,-0.218,10.946
1583472364010,-0.225,-0.453,11.809
1583472364010,0.167,-0.532,12.201
1583472364051,0.324,-0.532,13.849
1583472364052,0.01,-0.453,16.359
1583472364089,0.245,-0.375,17.693
1583472364089,0.559,0.017,18.321
1583472364131,0.794,0.252,18.792
1583472364131,0.873,0.409,18.948
1583472364170,0.951,0.33,18.635
1583472364170,1.108,0.252,17.85
1583472364210,1.265,0.095,17.066
1583472364210,1.108,0.174,16.516
1583472364250,0.794,0.174,16.203
1583472364251,0.324,0.252,15.967
1583472364290,-0.303,0.095,15.496
1583472364290,-0.695,-0.139,15.261
1583472364330,-1.009,-0.218,14.633
1583472364330,-1.323,-0.139,13.613
1583472364370,-1.794,0.095,12.594
1583472364370,-1.872,0.095,11.181
1583472364410,-1.951,-0.139,9.612
1583472364410,-1.558,-0.453,7.808
1583472364450,-0.852,-0.453,6.239
1583472364451,-0.068,-0.375,4.591
1583472364488,0.559,-0.375,3.179
1583472364488,0.951,-0.296,2.159
1583472364529,1.265,-0.218,1.374
1583472364529,1.579,-0.061,0.825
1583472364569,1.736,-0.061,0.433
1583472364569,1.893,0.095,0.276
1583472364609,2.05,0.174,0.198
1583472364609,2.05,0.33,0.511
1583472364649,1.657,0.409,1.061
1583472364650,1.265,0.409,1.924
1583472364687,1.108,0.174,3.022
1583472364687,1.265,-0.218,3.65
1583472364729,1.422,-0.453,4.356
1583472364729,1.108,-0.139,5.925
1583472364768,0.48,0.017,8.514
1583472364768,-0.46,-0.218,10.24
1583472364809,0.245,-0.296,11.338
1583472364809,0.402,-0.453,12.907
1583472364847,0.794,-0.532,14.32
1583472364849,0.637,-0.453,14.555
1583472364887,0.48,-0.296,14.869
1583472364887,0.559,-0.296,15.81
1583472364928,0.48,-0.61,16.203
1583472364928,0.402,-0.61,15.967
1583472364967,0.324,-0.453,16.359
1583472364967,0.402,-0.453,16.987
1583472365007,0.245,-0.61,17.222
1583472365007,0.088,-0.453,17.772
1583472365048,0.088,-0.296,18.007
1583472365049,0.245,-0.218,17.693
1583472365086,0.01,-0.296,17.301
1583472365086,-0.774,-0.453,17.144
1583472365128,-1.558,-0.453,16.83
1583472365128,-2.343,-0.453,16.046
1583472365167,-2.735,-0.218,14.79
1583472365167,-3.206,-0.139,13.692
1583472365206,-3.598,0.095,12.515
1583472365206,-3.598,0.33,10.946
1583472365246,-3.206,0.252,9.141
1583472365247,-2.421,0.252,7.337
1583472365286,-1.402,0.017,5.454
1583472365286,-0.46,-0.139,3.728
1583472365326,0.088,-0.296,2.63
1583472365326,0.559,-0.453,1.767
1583472365366,1.108,-0.532,1.139
1583472365366,1.579,-0.375,0.904
1583472365405,1.971,-0.296,0.825
1583472365405,2.285,-0.061,0.668
1583472365445,2.442,0.017,0.59
1583472365447,2.442,0.017,0.982
1583472365486,2.285,0.095,1.767
1583472365486,1.893,0.174,2.708
1583472365525,1.265,0.174,3.571
1583472365525,0.716,0.174,4.277
1583472365566,0.637,0.095,5.062
1583472365566,0.794,0.095,5.533
1583472365606,0.951,0.174,6.16
1583472365606,0.559,0.095,7.572
1583472365645,-0.068,-0.061,9.141
1583472365646,-0.695,-0.061,10.554
1583472365685,-0.617,-0.139,11.809
1583472365685,-0.225,-0.375,13.77
1583472365725,-0.146,-0.296,15.183
1583472365725,0.01,-0.139,16.595
1583472365765,0.245,-0.453,18.007
1583472365765,0.402,-1.002,19.105
1583472365804,0.48,-1.081,19.655
1583472365804,0.559,-0.924,19.419
1583472365845,0.716,-0.61,18.792
1583472365847,0.873,-0.296,18.085
1583472365883,1.187,-0.061,17.301
1583472365883,1.03,0.017,16.909
1583472365923,0.559,-0.061,16.595
1583472365923,-0.146,-0.375,16.281
1583472365964,-1.009,-0.532,16.203
1583472365964,-1.872,-0.296,15.261
1583472366005,-2.265,0.252,13.849
1583472366005,-2.578,0.566,12.123
1583472366044,-2.5,0.566,10.632
1583472366046,-2.657,0.174,9.141
1583472366082,-2.5,-0.139,7.494
1583472366083,-2.108,-0.218,6.396
1583472366123,-1.637,-0.61,4.983
1583472366123,-1.009,-0.532,3.493
1583472366164,-0.225,-0.296,2.316
1583472366164,0.559,-0.139,1.531
1583472366204,1.265,-0.061,0.982
1583472366204,1.736,-0.061,0.433
1583472366244,2.363,-0.139,0.041
1583472366245,2.599,-0.139,-0.037
1583472366282,2.756,0.095,-0.037
1583472366282,2.756,0.252,0.511
1583472366322,2.363,0.33,1.453
1583472366322,1.814,0.252,2.316
1583472366363,1.108,0.33,3.493
1583472366363,0.637,0.33,4.434
1583472366403,0.167,0.33,5.533
1583472366403,-0.303,0.095,6.945
1583472366443,-0.617,-0.139,8.592
1583472366445,-0.695,0.095,9.298
1583472366481,-0.695,0.723,11.103
1583472366481,-0.774,0.252,13.692
1583472366522,-0.303,-0.218,15.104
1583472366522,0.324,0.252,15.81
1583472366563,-0.382,0.174,17.772
1583472366563,-1.245,-0.375,19.341
1583472366602,-0.617,-0.453,19.655
1583472366602,-0.068,-0.218,19.262
1583472366642,0.088,0.095,18.87
1583472366644,0.402,0.33,18.713
1583472366680,0.48,0.487,18.242
1583472366680,0.324,0.487,17.772
1583472366722,-0.382,0.095,17.536
1583472366722,-1.166,-0.532,17.066
1583472366762,-2.108,-1.081,16.516
1583472366762,-3.128,-1.159,15.889
1583472366802,-4.069,-0.689,14.79
1583472366802,-4.461,-0.218,13.3
1583472366842,-4.069,-0.061,11.731
1583472366843,-3.755,0.095,9.926
1583472366880,-3.128,0.017,7.886
1583472366880,-2.421,-0.218,6.082
1583472366920,-1.402,-0.375,4.669
1583472366920,-0.382,-0.375,3.493
1583472366960,0.48,-0.139,2.473
1583472366960,1.187,-0.139,1.374
1583472367001,2.128,-0.061,0.747
1583472367001,2.52,-0.061,0.59
1583472367041,2.599,-0.139,0.668
1583472367043,2.442,-0.061,0.825
1583472367079,2.285,0.017,1.217
1583472367079,2.206,-0.139,1.374
1583472367121,2.05,-0.061,1.61
1583472367121,1.971,0.174,2.159
1583472367161,1.422,0.33,3.1
1583472367161,0.873,0.409,4.042
1583472367200,-0.146,0.017,5.376
1583472367200,-0.774,-0.453,6.396
1583472367240,-0.617,-0.61,7.886
1583472367242,-0.617,-0.689,9.141
1583472367278,-1.009,-0.845,10.083
1583472367279,-0.852,-1.002,11.26
1583472367320,-0.617,-0.61,12.829
1583472367320,-1.009,-0.218,14.32
1583472367359,-1.48,-0.375,15.418
1583472367359,-1.009,-0.296,15.889
1583472367400,-0.46,0.566,17.301
1583472367400,-0.303,1.193,18.321
1583472367440,0.01,1.193,18.164
1583472367441,0.245,0.958,17.929
1583472367478,0.48,0.801,17.929
1583472367478,0.794,0.566,17.536
1583472367518,1.03,0.33,17.066
1583472367518,0.873,-0.061,17.536
1583472367559,0.167,-0.375,18.792
1583472367559,-0.774,-0.453,19.341
1583472367599,-1.245,-0.139,18.556
1583472367599,-1.48,0.33,16.987
1583472367638,-1.715,0.644,15.183
1583472367639,-2.108,0.88,13.535
1583472367677,-2.578,1.037,12.123
1583472367677,-2.814,1.037,10.632
1583472367718,-2.892,0.88,8.985
1583472367718,-2.735,0.566,7.259
1583472367757,-2.343,0.174,5.768
1583472367757,-1.48,0.017,4.277
1583472367799,-0.695,-0.139,2.865
1583472367799,0.01,-0.218,1.767
1583472367838,0.402,-0.375,0.982
1583472367840,1.03,-0.61,0.511
1583472367877,1.579,-0.689,0.354
1583472367877,1.971,-0.689,0.041
1583472367917,2.285,-0.453,-0.194
1583472367917,2.442,-0.61,-0.272
1583472367957,2.52,-0.61,-0.037
1583472367957,2.442,-0.61,0.511
1583472367996,2.128,-0.453,1.374
1583472367996,1.5,-0.218,2.394
1583472368036,0.637,0.095,3.571
1583472368038,-0.146,0.33,4.983
1583472368076,-0.852,0.33,6.631
1583472368076,-1.245,0.33,8.122
1583472368116,-1.48,0.487,9.691
1583472368116,-1.558,0.487,11.024
1583472368156,-1.872,0.409,12.201
1583472368156,-2.108,0.487,12.75
1583472368196,-1.872,0.958,14.006
1583472368196,-1.558,1.037,15.575
1583472368236,-1.794,0.566,16.046
1583472368238,-1.872,0.174,16.359
1583472368275,-1.323,0.095,17.066
1583472368276,-0.774,0.095,17.85
1583472368317,-0.539,-0.061,18.478
1583472368317,-0.539,-0.375,19.419
1583472368356,-0.539,-0.296,20.439
1583472368356,-0.617,-0.218,20.439
1583472368396,-0.617,-0.139,19.341
1583472368396,-0.46,-0.061,18.321
1583472368435,-0.852,0.252,18.007
1583472368437,-1.951,0.174,18.321
1583472368474,-2.971,0.252,17.693
1583472368474,-3.441,0.644,16.124
1583472368514,-3.441,0.88,13.927
1583472368514,-3.441,0.723,12.044
1583472368556,-3.677,0.487,10.632
1583472368556,-3.441,0.409,9.377
1583472368595,-3.049,0.487,7.729
1583472368595,-2.343,0.487,6.003
1583472368636,-1.245,0.409,4.513
1583472368637,-0.617,0.174,3.806
1583472368674,0.088,0.017,2.237
1583472368674,0.794,-0.139,1.531
1583472368714,1.343,-0.139,1.296
1583472368714,1.893,-0.218,1.061
1583472368755,2.128,-0.139,0.433
1583472368755,2.363,-0.061,0.041
1583472368795,2.599,0.017,-0.115
1583472368795,2.599,0.017,-0.037
1583472368834,2.599,-0.139,-0.115
1583472368836,2.442,-0.139,0.041
1583472368873,1.971,0.017,0.747
1583472368873,1.422,0.017,1.453
1583472368913,0.873,-0.061,2.394
1583472368913,0.167,0.017,3.65
1583472368955,-0.46,0.017,5.533
1583472368955,-1.166,-0.296,7.415
1583472368995,-1.637,-0.296,9.377
1583472368995,-1.951,0.017,11.887
1583472369034,-2.186,0.252,13.927
1583472369036,-1.637,0.487,15.026
1583472369072,-1.245,0.566,16.438
1583472369072,-1.009,0.409,18.164
1583472369114,-0.852,0.33,19.498
1583472369114,-0.225,0.252,20.518
1583472369153,0.48,0.252,21.302
1583472369153,1.187,0.33,20.91
1583472369192,1.893,0.33,19.733
1583472369193,2.285,0.33,19.262
1583472369234,2.206,0.487,18.321
1583472369235,1.814,0.409,17.458
1583472369272,0.951,0.095,17.301
1583472369272,-0.225,0.017,16.987
1583472369313,-1.245,0.252,15.967
1583472369313,-2.029,0.487,14.555
1583472369353,-2.343,0.566,13.143
1583472369354,-2.265,0.644,11.731
1583472369393,-2.029,0.644,10.397
1583472369393,-2.029,0.487,8.278
1583472369432,-1.951,-0.061,6.709
1583472369433,-1.715,-0.532,5.533
1583472369471,-1.088,-0.845,4.356
1583472369471,-0.46,-0.845,3.1
1583472369512,0.167,-0.532,1.845
1583472369512,0.873,-0.296,0.825
1583472369551,1.579,-0.218,0.198
1583472369551,2.05,-0.139,-0.194
1583472369592,2.599,0.017,-0.508
1583472369592,2.756,0.017,-0.665
1583472369632,2.756,0.017,-0.429
1583472369634,2.442,0.017,0.354
1583472369671,2.05,0.095,1.217
1583472369671,1.422,0.017,2.551
1583472369712,0.873,0.017,4.199
1583472369712,0.324,-0.139,5.846
1583472369752,-0.303,-0.453,7.572
1583472369752,-0.539,-0.532,9.612
1583472369792,-0.382,-0.453,11.26
1583472369792,-0.303,-0.453,11.417
1583472369832,-0.539,-0.375,11.181
1583472369833,-0.695,-0.061,11.652
1583472369870,-0.539,0.174,12.829
1583472369870,-0.617,0.252,13.927
1583472369911,-1.088,0.33,15.81
1583472369912,-0.695,0.723,16.987
1583472369951,-0.225,1.037,17.301
1583472369951,0.088,0.958,17.301
1583472369991,0.637,0.801,17.615
1583472369991,0.873,0.644,17.85
1583472370030,0.716,0.33,18.242
1583472370031,0.794,0.017,18.007
1583472370069,0.637,0.017,17.772
1583472370069,0.245,0.017,17.458
1583472370111,-0.225,0.017,16.909
1583472370111,-0.695,0.017,16.281
1583472370150,-1.166,0.095,15.496
1583472370150,-1.872,0.252,14.79
1583472370191,-2.578,0.174,13.77
1583472370191,-2.971,0.095,12.515
1583472370229,-2.814,0.095,11.181
1583472370231,-2.735,0.252,9.691
1583472370269,-2.421,0.174,7.965
1583472370269,-2.029,0.017,6.317
1583472370310,-1.245,-0.139,4.591
1583472370310,-0.225,-0.218,3.1
1583472370350,0.559,-0.218,1.924
1583472370350,1.03,-0.296,1.061
1583472370390,1.657,-0.296,0.119
1583472370390,2.285,-0.296,-0.665
1583472370429,2.677,-0.296,-0.9
1583472370430,2.834,-0.375,-0.743
1583472370468,2.599,-0.375,-0.037
1583472370468,2.206,-0.218,0.668
1583472370508,1.814,-0.218,1.374
1583472370508,1.343,-0.061,2.551
1583472370549,0.873,0.095,4.12
1583472370549,0.245,0.017,5.768
1583472370589,-0.617,0.252,7.023
1583472370589,-0.539,0.409,8.514
1583472370629,-0.068,0.174,10.475
1583472370631,-0.225,-0.61,12.28
1583472370667,-0.695,-1.473,13.613
1583472370667,-0.303,-1.316,14.476
1583472370709,0.402,-0.375,15.026
1583472370709,1.108,-0.061,15.34
1583472370748,1.03,-0.218,15.653
1583472370749,0.951,-0.061,16.124
1583472370789,1.03,0.252,17.144
1583472370789,1.265,0.33,17.85
1583472370827,1.187,0.174,18.007
1583472370829,1.03,0.33,17.929
1583472370867,0.794,0.566,17.693
1583472370867,0.794,0.487,16.987
1583472370907,0.794,0.33,16.046
1583472370907,0.637,0.252,15.653
1583472370947,0.245,0.252,15.81
1583472370947,-0.46,0.33,15.732
1583472370988,-0.931,0.487,14.869
1583472370988,-1.245,0.487,14.006
1583472371026,-1.794,0.252,13.3
1583472371028,-1.872,0.409,12.515
1583472371066,-1.48,0.801,11.181
1583472371066,-0.852,1.272,8.749
1583472371107,-0.146,0.88,7.494
1583472371107,0.088,-0.061,6.788
1583472371146,0.324,-0.375,5.689
1583472371146,0.873,-0.296,4.434
1583472371186,1.03,-0.218,3.571
1583472371186,1.03,-0.061,2.943
1583472371227,1.265,-0.061,2.002
1583472371228,1.422,-0.061,1.296
1583472371266,1.657,-0.218,0.825
1583472371266,1.736,-0.218,0.511
1583472371306,1.814,0.095,0.433
1583472371307,2.05,0.174,0.354
1583472371346,2.05,0.095,0.511
1583472371346,2.206,-0.061,0.982
1583472371387,2.05,0.095,1.531
1583472371387,1.579,0.252,2.159
1583472371425,0.873,-0.061,3.414
1583472371427,0.167,-0.296,4.983
1583472371465,-0.539,-0.532,7.494
1583472371465,-1.088,-0.453,9.455
1583472371507,-1.009,0.095,11.103
1583472371507,-0.931,0.33,12.829
1583472371544,-1.009,0.252,14.79
1583472371545,-0.695,-0.218,16.909
1583472371584,0.01,-0.61,18.242
1583472371584,0.794,-0.296,18.478
1583472371626,1.265,0.017,18.478
1583472371627,1.971,0.33,18.399
1583472371664,2.442,0.017,18.321
1583472371664,2.677,-0.845,18.242
1583472371705,2.52,-1.081,18.164
1583472371705,2.206,-1.002,18.164
1583472371745,1.657,-0.924,17.85
1583472371745,0.873,-0.845,17.379
1583472371785,0.01,-1.002,16.83
1583472371785,-0.695,-1.002,16.438
1583472371825,-1.245,-0.767,15.418
1583472371827,-1.715,-0.532,13.927
1583472371863,-1.951,-0.296,12.515
1583472371863,-1.951,-0.061,11.338
1583472371903,-1.715,0.095,10.005
1583472371903,-1.402,0.174,8.435
1583472371945,-0.931,0.095,6.945
1583472371945,-0.46,-0.061,5.611
1583472371983,-0.225,-0.139,4.591
1583472371983,0.088,-0.218,3.806
1583472372024,0.402,-0.218,3.257
1583472372026,0.637,-0.218,2.473
1583472372062,0.873,-0.218,1.688
1583472372062,1.03,-0.139,1.139
1583472372103,1.343,-0.061,0.668
1583472372103,1.814,0.095,0.198
1583472372144,2.206,0.017,-0.115
1583472372144,2.363,-0.061,-0.115
1583472372184,1.893,0.017,0.354
1583472372184,1.187,0.174,1.296
1583472372223,0.402,0.644,3.257
1583472372225,-0.068,0.33,4.826
1583472372262,-0.225,-0.139,5.454
1583472372262,-0.303,-1.238,6.317
1583472372302,-0.382,-1.395,8.749
1583472372302,-0.303,-0.924,11.26
1583472372343,0.48,-0.139,12.672
1583472372343,1.108,0.252,13.535
1583472372383,1.343,0.644,14.712
1583472372383,1.422,0.723,16.281
1583472372423,1.5,0.33,16.83
1583472372424,1.343,0.017,17.144
1583472372461,0.637,-0.375,17.929
1583472372461,-0.382,-0.689,18.948
1583472372502,-0.617,-0.924,19.419
1583472372502,-0.303,-1.159,18.713
1583472372542,-0.146,-1.159,17.458
1583472372542,-0.382,-1.238,16.516
1583472372582,-0.617,-1.002,15.967
1583472372582,-0.695,-0.767,15.653
1583472372622,-1.009,-0.532,15.81
1583472372623,-1.245,-0.375,15.889
1583472372660,-1.166,-0.218,15.261
1583472372661,-1.48,-0.061,14.398
1583472372701,-1.794,0.174,13.378
1583472372701,-2.029,0.33,12.437
1583472372742,-2.265,0.409,11.574
1583472372742,-2.108,0.801,10.24
1583472372782,-1.794,0.958,8.592
1583472372782,-1.402,0.801,7.259
1583472372822,-1.088,0.409,5.925
1583472372823,-0.46,0.174,4.669
1583472372860,0.324,0.174,3.571
1583472372860,0.951,0.095,2.708
1583472372901,1.343,0.017,2.237
1583472372901,1.657,-0.139,2.08
1583472372941,1.971,-0.296,1.767
1583472372941,2.128,-0.218,1.688
1583472372981,2.442,-0.061,1.531
1583472372981,2.363,0.017,1.453
1583472373021,2.599,-0.061,1.374
1583472373022,2.128,-0.218,1.61
1583472373059,1.265,-0.375,2.002
1583472373059,0.951,-0.218,2.159
1583472373101,1.108,0.252,2.787
1583472373101,1.265,0.566,3.493
1583472373140,1.265,0.409,4.356
1583472373140,0.951,0.095,5.846
1583472373180,0.245,-0.375,8.2
1583472373180,-0.225,-0.532,10.24
1583472373220,0.01,-0.139,12.28
1583472373222,0.167,0.017,14.712
1583472373258,-0.146,0.174,16.124
1583472373258,-0.068,0.566,16.752
1583472373298,0.245,0.88,17.615
1583472373299,0.402,1.115,18.321
1583472373340,0.48,1.272,18.164
1583472373340,0.088,0.88,18.085
1583472373380,-0.46,0.409,18.321
1583472373380,-0.382,0.017,18.164
1583472373420,-0.225,-0.061,17.144
1583472373421,-0.146,0.095,16.124
1583472373458,-0.068,0.33,15.732
1583472373458,-0.068,0.644,15.418
1583472373498,0.01,0.88,15.183
1583472373498,-0.068,0.958,15.34
1583472373538,-0.539,0.801,15.418
1583472373538,-1.088,0.566,14.869
1583472373578,-1.48,0.487,14.163
1583472373578,-2.029,0.409,13.457
1583472373619,-2.265,0.566,12.437
1583472373621,-2.343,0.566,10.789
1583472373657,-2.108,0.644,9.455
1583472373657,-1.872,0.33,7.886
1583472373698,-1.48,-0.218,6.317
1583472373698,-0.931,-0.61,4.905
1583472373738,-0.146,-0.61,3.493
1583472373738,0.716,-0.453,2.394
1583472373778,1.5,-0.296,1.531
1583472373778,2.206,-0.218,0.747
1583472373818,2.756,-0.061,0.198
1583472373820,3.069,-0.061,0.041
1583472373857,3.462,0.095,-0.272
1583472373857,3.383,0.017,-0.351
1583472373899,3.305,-0.061,-0.115
1583472373899,2.834,-0.061,0.276
1583472373938,2.363,-0.061,0.904
1583472373938,1.657,-0.139,1.924
1583472373977,0.794,-0.296,3.257
1583472373977,-0.225,-0.532,5.14
1583472374017,-1.009,-1.159,7.337
1583472374018,-1.872,-1.552,9.534
1583472374056,-1.872,-1.238,10.554
1583472374056,-1.088,-1.238,10.789
1583472374096,-1.951,-0.453,15.418
1583472374096,-1.872,0.487,18.321
1583472374136,-0.774,0.723,17.301
1583472374136,0.245,0.566,16.595
1583472374177,0.873,0.095,17.379
1583472374177,0.794,-0.296,18.399
1583472374216,1.422,-0.375,18.399
1583472374218,2.05,-0.296,17.772
1583472374255,2.206,-0.375,16.83
1583472374255,2.05,-0.453,16.438
1583472374295,1.736,-0.453,16.673
1583472374295,1.422,-0.767,17.772
1583472374336,0.559,-0.924,18.242
1583472374336,-0.539,-0.218,17.929
1583472374376,-1.715,0.801,17.301
1583472374376,-2.578,1.35,16.046
1583472374416,-3.049,1.193,14.241
1583472374418,-3.284,0.958,12.829
1583472374454,-3.834,0.487,12.201
1583472374454,-3.912,0.095,11.338
1583472374494,-3.834,-0.296,9.848
1583472374495,-3.128,-0.453,8.043
1583472374534,-2.5,-0.453,6.474
1583472374534,-1.715,-0.296,4.669
1583472374576,-0.617,-0.139,3.179
1583472374576,0.402,-0.218,1.688
1583472374616,1.422,-0.139,0.59
1583472374617,2.285,-0.061,-0.272
1583472374654,2.834,0.017,-0.665
1583472374654,3.069,0.017,-0.743
1583472374695,3.148,-0.139,-0.743
1583472374695,3.226,-0.375,-0.665
1583472374735,2.913,-0.296,-0.272
1583472374735,2.442,-0.061,0.354
1583472374775,1.814,0.174,1.374
1583472374775,1.187,0.252,2.473
1583472374813,0.324,0.095,4.12
1583472374815,-0.46,-0.296,5.689
1583472374853,-0.695,-0.139,6.788
1583472374853,-1.166,0.487,7.808
1583472374893,-1.637,1.115,10.318
1583472374893,-1.245,0.88,13.064
1583472374935,-1.009,1.193,13.849
1583472374935,-1.48,1.037,15.418
1583472374973,-1.245,0.566,17.144
1583472374973,0.01,0.252,17.615
1583472375014,0.716,0.252,17.222
1583472375016,0.873,0.409,17.144
1583472375053,0.951,0.252,18.242
1583472375053,1.108,0.174,18.635
1583472375093,1.03,0.252,18.792
1583472375093,0.559,0.33,18.792
1583472375134,-0.068,0.252,18.635
1583472375134,-0.931,-0.139,19.105
1583472375174,-1.637,-0.532,18.948
1583472375174,-2.578,-0.61,18.556
1583472375214,-3.284,-0.139,17.301
1583472375215,-3.52,0.801,15.34
1583472375252,-3.677,0.88,13.692
1583472375252,-3.755,0.487,11.887
1583472375293,-3.677,0.174,10.005
1583472375293,-3.441,0.017,8.122
1583472375333,-2.814,-0.061,6.474
1583472375333,-2.186,-0.139,4.826
1583472375373,-1.166,-0.061,3.022
1583472375373,-0.146,-0.061,1.688
1583472375413,0.559,-0.139,0.747
1583472375415,1.187,-0.296,-0.037
1583472375451,1.657,-0.296,-0.194
1583472375451,1.971,-0.453,0.041
1583472375493,2.206,-0.453,0.198
1583472375493,2.52,-0.218,0.041
1583472375532,2.913,-0.139,0.041
1583472375532,2.756,-0.218,0.198
1583472375572,2.442,-0.218,1.061
1583472375572,1.814,-0.218,2.08
1583472375612,1.108,0.017,3.022
1583472375614,0.559,-0.061,4.042
1583472375651,0.01,-0.218,5.689
1583472375651,0.088,-0.61,7.18
1583472375692,-0.225,-0.767,9.534
1583472375692,-0.852,-0.218,12.201
1583472375732,-1.009,0.409,14.006
1583472375732,-1.245,0.644,15.183
1583472375772,-1.166,1.115,16.83
1583472375772,-0.225,1.664,17.693
1583472375812,0.245,2.763,17.693
1583472375813,0.01,3.233,17.615
1583472375850,0.088,2.763,18.321
1583472375850,0.48,1.821,18.242
1583472375891,1.187,1.193,17.301
1583472375891,1.814,0.723,16.673
1583472375931,2.05,0.252,16.438
1583472375931,2.05,0.017,16.438
1583472375971,1.5,-0.061,16.83
1583472375971,0.559,-0.061,17.144
1583472376011,-0.146,-0.139,17.222
1583472376013,-1.009,-0.061,17.301
1583472376049,-2.186,0.095,16.987
1583472376049,-2.892,0.566,15.653
1583472376091,-3.363,0.88,13.535
1583472376091,-3.598,0.801,11.809
1583472376129,-3.441,0.487,9.926
1583472376129,-2.735,0.409,7.808
1583472376170,-1.872,0.33,5.846
1583472376171,-0.852,0.252,3.65
1583472376209,-0.068,-0.139,2.002
1583472376211,0.637,-0.296,0.904
1583472376248,1.579,-0.375,-0.429
1583472376248,2.206,-0.453,-1.057
1583472376288,2.599,-0.532,-1.371
1583472376289,2.913,-0.61,-1.606
1583472376328,3.148,-0.375,-1.763
1583472376329,2.913,-0.061,-1.528
1583472376368,2.52,0.017,-0.978
1583472376368,1.893,0.017,0.354
1583472376408,0.951,0.017,1.924
1583472376410,-0.146,0.017,3.571
1583472376448,-1.009,0.017,5.611
1583472376448,-1.48,0.174,7.415
1583472376488,-1.323,0.644,8.749
1583472376488,-1.166,0.644,10.005
1583472376528,-1.245,0.487,11.966
1583472376528,-1.009,0.487,13.77
1583472376568,-0.46,0.723,14.869
1583472376568,0.088,1.037,15.81
1583472376609,0.637,1.037,16.673
1583472376610,1.03,0.958,17.615
1583472376647,1.03,0.88,18.321
1583472376647,1.265,0.88,18.478
1583472376689,1.579,0.958,18.635
1583472376689,1.579,0.801,18.713
1583472376728,1.265,0.33,18.635
1583472376728,0.951,0.095,18.399
1583472376768,0.716,0.174,18.007
1583472376768,0.245,0.252,17.536
1583472376808,-0.46,0.33,17.693
1583472376810,-1.402,0.409,18.085
1583472376847,-2.265,1.037,17.929
1583472376847,-2.343,1.272,16.359
1583472376886,-2.343,0.723,14.32
1583472376887,-1.715,0.174,11.809
1583472376927,-1.48,-0.139,9.848
1583472376927,-1.166,-0.453,7.494
1583472376966,-0.617,-0.61,5.376
1583472376967,-0.146,-0.532,3.493
1583472377006,0.245,-0.532,2.002
1583472377008,0.716,-0.296,0.904
1583472377046,1.03,-0.218,0.276
1583472377046,1.343,-0.061,-0.115
1583472377086,1.657,0.017,-0.508
1583472377086,1.893,-0.061,-0.665
1583472377125,2.285,0.017,-0.821
1583472377126,2.363,-0.061,-0.586
1583472377166,2.52,-0.061,-0.037
1583472377166,2.442,0.095,0.825
1583472377206,2.206,0.095,2.002
1583472377208,1.736,0.252,3.571
1583472377245,0.951,0.487,4.905
1583472377245,0.794,0.409,6.239
1583472377285,0.873,0.174,7.651
1583472377285,0.637,-0.218,8.671
1583472377325,0.324,-0.296,9.848
1583472377325,0.245,-0.061,11.103
1583472377366,0.402,0.252,11.887
1583472377366,0.167,0.252,12.75
1583472377406,0.167,0.33,13.849
1583472377408,0.716,0.487,14.712
1583472377444,1.265,0.723,15.261
1583472377445,1.03,0.801,16.203
1583472377485,0.716,0.409,18.007
1583472377485,0.951,0.017,18.948
1583472377525,1.422,0.174,18.948
1583472377525,1.657,0.33,18.478
1583472377565,1.657,0.33,17.929
1583472377565,1.657,0.174,17.301
1583472377606,1.343,0.095,17.458
1583472377607,0.951,0.174,17.379
1583472377644,0.559,0.33,16.987
1583472377644,0.167,0.409,16.438
1583472377686,-0.382,0.487,15.732
1583472377686,-1.323,0.487,15.261
1583472377725,-2.029,0.33,14.006
1583472377725,-2.265,0.409,12.28
1583472377765,-2.108,0.644,10.475
1583472377765,-2.029,0.487,9.22
1583472377805,-1.872,0.017,7.965
1583472377806,-1.558,-0.218,6.239
1583472377843,-0.931,-0.532,4.513
1583472377843,-0.068,-0.375,3.1
1583472377884,0.716,-0.218,1.688
1583472377884,1.343,-0.061,0.747
1583472377924,1.657,-0.061,0.119
1583472377924,1.814,-0.139,-0.194
1583472377963,2.128,-0.218,-0.351
1583472377963,2.442,-0.453,-0.821
1583472378004,2.834,-0.375,-1.292
1583472378005,3.148,-0.296,-1.135
1583472378042,3.226,-0.061,-0.743
1583472378042,2.913,0.017,0.041
1583472378084,2.05,0.095,1.217
1583472378084,1.343,0.095,2.08
1583472378122,0.794,0.095,3.257
1583472378122,0.01,0.095,5.062
1583472378162,-1.402,0.33,7.651
1583472378162,-2.578,0.174,10.318
1583472378203,-2.657,0.095,12.829
1583472378205,-2.578,0.644,15.81
1583472378242,-2.421,1.115,18.399
1583472378242,-1.48,0.88,20.675
1583472378283,-0.852,0.644,22.401
1583472378283,-0.225,0.644,22.322
1583472378323,0.637,0.566,22.165
1583472378323,1.187,0.33,22.008
1583472378362,1.814,0.33,20.831
1583472378362,2.285,0.33,19.419
1583472378403,2.363,0.487,18.399
1583472378404,1.736,0.566,18.399
1583472378441,0.716,0.33,18.321
1583472378441,-0.303,0.174,17.693
1583472378482,-1.402,-0.061,17.066
1583472378482,-2.265,-0.218,15.732
1583472378521,-2.657,-0.139,14.163
1583472378522,-2.814,-0.061,12.75
1583472378562,-3.128,-0.296,10.789
1583472378562,-2.971,-0.375,8.357
1583472378601,-2.5,-0.453,6.709
1583472378603,-1.951,-0.61,4.905
1583472378640,-1.088,-0.532,3.022
1583472378640,-0.146,-0.453,1.531
1583472378682,0.48,-0.453,0.276
1583472378682,1.187,-0.218,-0.9
1583472378722,1.657,-0.061,-1.449
1583472378722,1.971,0.095,-1.763
1583472378762,2.285,0.017,-1.92
1583472378762,2.52,-0.061,-1.998
1583472378802,2.52,-0.061,-1.841
1583472378803,2.363,-0.139,-1.371
1583472378840,1.893,-0.218,-0.508
1583472378840,1.343,-0.218,0.747
1583472378881,0.48,-0.139,2.159
1583472378881,-0.382,-0.375,3.806
1583472378921,-1.009,-0.924,6.16
1583472378921,-1.48,-1.238,8.828
1583472378961,-1.951,-0.767,11.181
1583472378961,-2.421,0.017,13.064
1583472379001,-2.578,0.174,15.183
1583472379002,-2.108,0.252,16.83
1583472379039,-2.029,1.272,17.693
1583472379039,-1.715,2.37,19.733
1583472379081,-1.951,2.449,22.087
1583472379081,-1.323,1.507,23.185
1583472379121,-0.303,1.037,22.322
1583472379121,0.559,1.115,20.675
1583472379160,1.187,1.037,18.792
1583472379160,0.167,0.409,17.301
1583472379200,0.951,0.33,17.536
1583472379202,0.48,0.33,17.536
1583472379239,-0.225,0.33,17.144
1583472379239,-0.695,0.487,16.124
1583472379280,-1.166,0.801,14.947
1583472379280,-1.794,0.88,14.084
1583472379320,-2.421,0.801,13.064
1583472379320,-2.735,0.723,11.887
1583472379360,-2.735,0.487,10.24
1583472379360,-2.265,0.487,8.2
1583472379400,-1.637,0.33,6.317
1583472379401,-0.931,0.252,4.513
1583472379438,-0.303,-0.061,2.787
1583472379438,0.324,-0.061,2.159
1583472379479,0.873,0.095,0.747
1583472379479,1.657,0.174,-0.508
1583472379519,2.206,0.174,-1.292
1583472379519,2.52,0.095,-1.528
1583472379559,2.756,0.017,-1.606
1583472379559,2.756,0.174,-1.214
1583472379599,2.677,-0.061,-0.586
1583472379601,2.442,-0.296,0.433
1583472379637,1.971,-0.296,1.61
1583472379637,1.265,-0.375,2.63
1583472379677,0.716,-0.61,3.728
1583472379677,0.48,-0.767,4.905
1583472379718,0.01,-0.767,6.317
1583472379718,-0.617,-0.375,7.808
1583472379759,-1.088,0.017,9.141
1583472379759,-1.245,0.252,10.475
1583472379798,-1.402,0.487,12.594
1583472379800,-1.48,0.487,12.829
1583472379836,-1.637,1.037,14.633
1583472379837,-1.402,1.743,16.359
1583472379877,-0.303,1.9,18.792
1583472379877,1.03,1.743,21.224
1583472379917,1.736,1.664,21.616
1583472379917,2.206,1.507,21.224
1583472379958,2.52,1.193,21.381
1583472379958,2.363,0.566,20.988
1583472379997,1.814,0.095,19.262
1583472379998,1.187,0.095,18.007
1583472380036,0.245,0.33,17.693
1583472380036,-0.774,0.801,17.536
1583472380077,-1.951,0.958,16.752
1583472380077,-2.892,0.801,15.653
1583472380116,-3.52,0.801,14.555
1583472380116,-3.912,1.037,12.986
1583472380157,-3.991,1.037,10.318
1583472380157,-3.284,0.801,7.965
1583472380196,-2.814,0.409,6.552
1583472380198,-2.029,0.174,5.14
1583472380235,-1.323,-0.061,3.885
1583472380235,-0.539,-0.375,2.551
1583472380275,0.088,-0.61,1.531
1583472380275,0.794,-0.61,0.59
1583472380316,1.265,-0.453,-0.037
1583472380316,1.657,-0.296,-0.351
1583472380356,2.05,-0.296,-0.586
1583472380356,2.599,-0.296,-0.9
1583472380396,2.913,-0.296,-0.9
1583472380398,3.069,-0.139,-0.821
1583472380435,2.834,0.017,-0.429
1583472380435,2.363,0.095,0.511
1583472380474,1.343,0.017,1.767
1583472380475,0.245,-0.218,3.179
1583472380516,-0.539,-0.375,4.591
1583472380516,-0.852,-0.61,7.259
1583472380556,-1.637,-0.532,10.318
1583472380556,-1.794,0.174,12.829
1583472380595,-1.323,1.037,15.104
1583472380596,-0.774,1.429,16.752
1583472380634,-0.539,1.507,17.144
1583472380634,-0.146,0.958,17.615
1583472380674,0.324,0.723,18.87
1583472380674,1.343,1.193,20.361
1583472380714,1.893,1.429,20.753
1583472380714,2.363,1.115,19.733
1583472380755,2.756,0.723,19.027
1583472380755,2.756,0.174,19.262
1583472380794,2.128,-0.218,18.713
1583472380795,1.187,-0.375,18.242
1583472380833,0.324,-0.375,18.007
1583472380833,-0.539,-0.296,17.301
1583472380875,-1.402,-0.139,16.516
1583472380875,-2.421,0.174,15.653
1583472380914,-3.206,0.723,14.241
1583472380914,-3.598,0.801,12.75
1583472380955,-3.677,0.409,11.181
1583472380955,-3.363,-0.296,9.769
1583472380993,-2.971,-0.296,8.122
1583472380995,-2.265,-0.139,6.003
1583472381032,-1.088,-0.218,4.042
1583472381033,-0.068,-0.296,2.63
1583472381074,0.716,-0.296,1.061
1583472381074,1.579,-0.296,-0.037
1583472381113,2.52,-0.139,-0.508
1583472381113,3.148,-0.218,-0.508
1583472381154,3.226,-0.139,-0.586
1583472381154,3.383,-0.061,-0.665
1583472381194,3.697,0.095,-0.743
1583472381195,3.776,0.174,-0.586
1583472381232,3.305,0.252,-0.508
1583472381232,2.756,0.33,0.276
1583472381273,2.05,0.017,2.002
1583472381273,1.343,-0.139,4.042
1583472381312,0.402,-0.296,6.396
1583472381312,-0.068,-0.296,8.828
1583472381352,-0.539,0.017,11.652
1583472381352,-0.46,0.566,14.869
1583472381393,0.324,1.272,16.909
1583472381395,1.187,1.9,17.693
1583472381431,1.893,1.743,17.85
1583472381431,2.206,1.664,17.144
1583472381471,2.363,1.272,16.516
1583472381471,2.442,0.801,15.575
1583472381513,2.363,0.409,14.241
1583472381513,2.206,0.174,12.829
1583472381552,1.971,0.252,11.731
1583472381553,1.579,0.409,11.103
1583472381592,1.187,0.409,10.711
1583472381594,0.951,0.33,10.397
1583472381630,0.794,0.487,10.083
1583472381631,0.716,0.566,9.848
1583472381671,0.559,0.644,9.848
1583472381671,0.402,0.566,9.534
1583472381714,0.402,0.409,9.455
1583472381714,0.48,0.33,9.298
1583472381752,0.559,0.33,9.377
1583472381752,0.637,0.33,9.534
1583472381791,0.559,0.252,9.691
1583472381792,0.559,0.174,7.729
1583472381830,0.794,-0.218,9.141
1583472381830,0.794,-0.061,9.769
1583472381870,0.716,0.017,10.318
1583472381870,0.794,0.174,10.24
